{"tq": 4, "tk": 4, "dh": 16, "scale": 0.25, "causal": true, "q": [0.029053429183965473, -0.07370016210543592, -0.9577513216900072, -0.22946413014423184, -1.0541504969186013, -0.43886905157591805, 0.05802708266404081, -0.003119327765498231, 0.4324055058920444, 0.5300088764649739, -0.1933856688686458, -0.18612451412646702, 0.9879701504708389, -0.9907097453221588, 0.4172751104854537, 0.806415034595008, 0.5558788909385457, 1.0913705690981452, -0.6526246006776446, -0.3052568130782168, -3.677834378093999, 0.020385454985026544, 1.0292758147649412, -1.6581678456155144, 1.6577811366113548, -0.6270172529850516, -0.9566015418507022, 1.061830856399047, -1.9968953844273696, -0.796726103108693, -0.6202459558816842, -0.21633775800651908, -0.9702058433190681, -0.7623631833144968, -0.2634688925395616, 0.7062601468609767, -0.5477334389066247, 1.0287367143984913, 0.5327004174793063, 0.21913188758295069, 0.41037109078855566, -0.8603219496929059, -0.13401192581485097, 0.37806851650585904, -0.3979351386212926, -0.28164581428069685, -0.6749657645998582, 0.07506637737624969, 0.591349731308093, -0.9861033868725945, 0.5405735407275566, -0.19518602550129607, 0.38217081824134713, -0.3361248100095408, 0.5146233175148653, -0.6330372711763464, -2.2251149594961612, -0.4242785744326712, 0.8649515912435376, -0.7481005012071431, -0.8144552850780834, 1.3993242231753178, 2.55050791919733, 0.11202205619882004], "k": [0.5010696101824657, 0.6150494569905524, -2.455269089843883, -0.13323535384038376, -1.0485536287083375, 0.614094770305805, 1.1355708546072072, 2.1358397946537315, -1.132154443248621, 0.4165823427866713, 0.19997577053018958, 0.8709570705622225, -1.0671256093772299, -0.31759385541421253, -1.365204049443958, 0.5811680743559359, -1.0347775486868436, -1.0602192632379501, -0.9524065554663279, -0.0034880141844620366, 1.0725863267405353, -0.3974573045920553, -0.4790347424097116, 1.616406066529585, -0.34057764236933474, 1.3521030527965128, -0.6917953834805428, -0.6237771295839041, -0.7745451497578612, 1.2771560480753477, 0.09835920081147252, -0.6862924935753781, -0.4692693327002564, -1.0848400212884453, -0.7328527054240327, 0.8690193179915958, -0.07369757116658136, -1.8932813546246448, -1.1109747349997232, 0.5582140907471569, -0.45105756075608794, 0.44746108933779005, 0.1974945710844563, 1.828269271566232, 0.8276783210697581, 0.7982789753364815, -0.5863378893996694, 0.34475354199769576, 0.8150516106292452, -0.6148189004788054, 1.5820634378424232, 0.6516191609590457, 1.5811194420750838, 1.3034238298317724, 1.186057802117424, -1.5378487963375937, 0.4393868233255312, -1.9898877375212105, -0.5308447040543299, -0.09298396188029208, 2.731809826904694, -0.8183152666825054, 0.30710815190628565, 0.4196308229520593], "v": [-0.2288425665347159, -0.21540866451040616, -0.28809063392059414, -1.3657350557102577, -1.5135225124024465, 1.7903138405214158, 0.36519603281352014, -0.42814770849669287, 0.9443470547407866, 1.8896999178017142, -1.2428208127141132, -0.2952219154186688, 0.07852420846456706, 1.0541358486487205, 1.027491739964735, -0.6383429201292719, 1.0763031435233288, -0.43186626415156404, 0.5822471779557713, -1.4489925430345814, -0.7568211866300534, -0.14805961173752485, 0.413561474504009, -0.6859844948002023, -0.14593588993154574, 2.010263640010789, 0.7034266419714038, -2.445829502306284, -1.0859526024426203, -1.030567244448239, -0.7785868223901147, 1.4096307622185236, 0.2777753138167903, -0.8174271762091344, 1.535450399874291, 0.6897831698746765, -0.5588344776126648, -1.6538173471611977, 1.7124976929497235, 0.06952347792212546, 0.6295501630292744, -1.335994370169374, 1.9384239958598983, 0.11038117077641989, -0.5722986946535138, -0.5106685686903233, -0.18299436206613914, -1.1800168821351056, 0.26585352020031583, 0.19390660818740688, 1.4280124774292666, 0.19152166485341313, 1.5403436146556637, 0.35122645740902053, -0.5080230078829598, 0.28551585298201815, 2.007526227189866, 0.5139805259751546, 1.6710174053835605, 1.6096159307365647, 0.791780795593636, -1.086131492858888, -0.2524831015160009, -0.45634495513733314], "out": [-0.2288425665347159, -0.21540866451040616, -0.28809063392059414, -1.3657350557102577, -1.5135225124024465, 1.7903138405214158, 0.36519603281352014, -0.42814770849669287, 0.9443470547407866, 1.8896999178017142, -1.2428208127141132, -0.2952219154186688, 0.07852420846456706, 1.0541358486487205, 1.027491739964735, -0.6383429201292719, -0.19751954105123962, -0.2206035686942084, -0.2672028408944622, -1.3677332053245517, -1.4953619539851837, 1.7437935780145573, 0.36635678593933274, -0.43433569820981327, 0.9181806579952062, 1.8925934035742489, -1.1961115769939465, -0.34683572047499645, 0.050577185736092656, 1.0041037276316318, 0.9841465070165417, -0.5891922916995803, 0.1955965650269586, -0.4099391458127022, 0.35099480680783857, -0.8924619494122006, -1.1090413080574333, 0.5148785886069114, 0.6993056110553193, -0.36874556939879527, 0.615764505705727, 1.144656515699202, -0.028557952689499233, -0.69734694184957, -0.34781310423302403, 0.19510543948126108, 0.3180645004247557, -0.29265672087943084, 0.5619037577914189, -0.2933827819546713, 0.9290097227071947, -0.55505691814108, -0.1002845572068295, -0.08933081299246405, 0.36920820883187044, -0.23040396567376076, 0.7484883356990762, 0.9350784212970008, 1.0363287045340912, -0.5514766213175772, -0.31551684292290794, -0.754097236257579, -0.339456828672296, 0.17859008545992308]}